source,target,similarity,source_country,target_country
Français avec Nelly,Le Foot Français,0.788847808628993,FR,FR
Français avec Nelly,Joyce Meyer Ministri,0.7841991084659226,FR,FR
Français avec Nelly,Notre Histoire,0.8063961192439354,FR,FR
Français avec Nelly,SleepingBeauty,0.777751318953464,FR,FR
Bluey - Français Cha,France tv sport,0.8193989272437017,FR,FR
Roronoa Zoro - Blox ,Ina French Style,0.765633845360914,FR,FR
Roronoa Zoro - Blox ,Távoktatás magyar ny,0.7820664575565269,FR,HU
Roronoa Zoro - Blox ,Luxemburger Landwirt,0.8189196292011767,FR,LU
Roronoa Zoro - Blox ,M•A•C Cosmetics Fran,0.8800771385085191,FR,FR
Roronoa Zoro - Blox ,Ala Luxembourg Lo | ,0.7952398679246632,FR,LU
Roronoa Zoro - Blox ,The Escape Plans,0.8922394367343922,FR,LU
Le Foot Français,Not Even French,0.7673509685793907,FR,FR
Le Foot Français,Voyage Voyages,0.7777638833066715,FR,FR
Les Schtroumpfs • Fr,Joyce Meyer Ministri,0.7885587357827784,FR,FR
Les Schtroumpfs • Fr,Magyar Barbara,0.8190489523211284,FR,HU
Les Schtroumpfs • Fr,NBA Extra - beIN SPO,0.8175264868540779,FR,FR
Les Schtroumpfs • Fr,Prime Video Sport Fr,0.8228399364329173,FR,FR
Les Schtroumpfs • Fr,France Musique conce,0.761124652903449,FR,FR
Les Schtroumpfs • Fr,SleepingBeauty,0.7736545231286736,FR,FR
Les Schtroumpfs • Fr,SRAM,0.8720725132895963,FR,HU
Les Schtroumpfs • Fr,Amélia jól szórakozi,0.8165533644148506,FR,HU
Les Schtroumpfs • Fr,Indian Mom in Europe,0.767800024497497,FR,LU
Les Schtroumpfs • Fr,BEYBLADE Français - ,0.9594850302751943,FR,FR
Joyce Meyer Ministri,Notre Histoire,0.7803566897076332,FR,FR
Joyce Meyer Ministri,Prime Video Sport Fr,0.7683173315954249,FR,FR
Joyce Meyer Ministri,France Musique conce,0.8205477320066377,FR,FR
Joyce Meyer Ministri,SleepingBeauty,0.9477887007341933,FR,FR
Joyce Meyer Ministri,SRAM,0.808600160763346,FR,HU
Joyce Meyer Ministri,BEYBLADE Français - ,0.7650177302354626,FR,FR
Joyce Meyer Ministri,Baloo Live,0.8058274599972826,FR,FR
Un Français à Montré,Startup Bootcamp Fra,0.8608532517979118,FR,FR
Un Français à Montré,Culture de France,0.8642452525050279,FR,FR
Un Français à Montré,Luxembourg Tech Scho,0.836070874788009,FR,LU
Un Français à Montré,Luxembourg American ,0.7942333493071012,FR,LU
Un Français à Montré,Sacred Heart Univers,0.7850746287886047,FR,LU
Un Français à Montré,Research Luxembourg,0.7955024577197372,FR,LU
Un Français à Montré,Impulse Fitness Fran,0.826180003600839,FR,FR
Un Français à Montré,FRED'S KITCHEN FRANC,0.8270092852787019,FR,FR
Un Français à Montré,Miss Small Beauty Fr,0.7821344106620247,FR,FR
Un Français à Montré,Jahanara lifestyle f,0.8406985278290878,FR,FR
Un Français à Montré,Magyar Zene Nyaralój,0.973096128726522,FR,HU
Un Français à Montré,"Trader Rock - Forex,",0.8134619882124704,FR,HU
Un Français à Montré,Chaos Boys Hungary -,0.8405314428948303,FR,HU
Un Français à Montré,Trove Film Collectiv,0.7875144354477395,FR,HU
Un Français à Montré,Hungarian Mirror,0.7935885676661221,FR,HU
Un Français à Montré,Rugby Club Luxembour,0.8148392324840713,FR,LU
Un Français à Montré,Choeur de Chambre de,0.7581028765591247,FR,LU
Un Français à Montré,Chill mam Will,0.8891227213523855,FR,LU
Un Français à Montré,Powerlifting & Weigh,0.8060905795329367,FR,LU
French vlogger Zhorn,France-Tech,0.9061754940800769,FR,FR
French vlogger Zhorn,Share it - Tech for ,0.7606167568668706,FR,FR
French vlogger Zhorn,Musique France,0.7654390209688258,FR,FR
French vlogger Zhorn,Ricch Rock France,0.7735720249395653,FR,FR
French vlogger Zhorn,Magyar Zene,0.872753011786516,FR,HU
French vlogger Zhorn,Magyar Krónikák,0.800860897690245,FR,HU
French vlogger Zhorn,FlashGraphics Luxemb,0.870038501281096,FR,LU
French vlogger Zhorn,Magyar gamer,0.8603948538734041,FR,HU
POV VLOGGER ,France-Tech,0.7722622836409208,FR,FR
POV VLOGGER ,Musique France,0.826673313168612,FR,FR
POV VLOGGER ,Ricch Rock France,0.9246447785018604,FR,FR
Un Français à l'EPFL,Women in Games Franc,0.8365595453114072,FR,FR
Un Français à l'EPFL,Premiers Secours en ,0.7671341935723844,FR,FR
Un Français à l'EPFL,ASTEN SANTE,0.8875950183416864,FR,FR
Un Français à l'EPFL,Magyar Viktor Stream,0.8418141762312903,FR,HU
Un Français à l'EPFL,Magyar Tech Tippek,0.7640578282011593,FR,HU
Un Français à l'EPFL,Luxembourg School of,0.9332407479747531,FR,LU
Un Français à l'EPFL,パリ Franceのマルシェから,0.8763930860647704,FR,FR
Un Français à l'EPFL,Onacook France,0.7779252166463,FR,FR
Un Français à l'EPFL,Crêpes De France,0.7738672367476397,FR,FR
Un Français à l'EPFL,Sheikh sathi lifesty,0.8407370471132182,FR,FR
Un Français à l'EPFL,French Lifestyle,0.8939125947525268,FR,FR
Un Français à l'EPFL,Tamanna’s Kitchen & ,0.8015499359399745,FR,FR
Un Français à l'EPFL,Gay in Rural France ,0.8609964711609003,FR,FR
Un Français à l'EPFL,Magyar Funkcionális ,0.8508584963237312,FR,HU
Un Français à l'EPFL,12 Tone Music,0.8046375711458964,FR,HU
Un Français à l'EPFL,Anibarátok Podcast,0.9497380938127811,FR,HU
Un Français à l'EPFL,HUSZONEGY Bitcoin po,0.9273128672344135,FR,HU
Un Français à l'EPFL,Choeur de Chambre de,0.7990474091556963,FR,LU
Un Français à l'EPFL,From Luxembourg with,0.786196703902526,FR,LU
Un Français à l'EPFL,Vaibhav KKM,0.8771282497448198,FR,LU
Un Français à l'EPFL,Le Recap Twitch,0.8635161599516986,FR,FR
Not Even French,Magyar Barbara,0.7960599857550447,FR,HU
Not Even French,Voyage Voyages,0.9580220441867102,FR,FR
Not Even French,France・Table & Voyag,0.8402047722485735,FR,FR
Not Even French,Thisu Beauty,0.8198207457811518,FR,FR
Not Even French,Best Of Fortnite Fra,0.8018378377597789,FR,FR
Legends Of Gaming Fr,Kumiko Recette,0.8177943712290204,FR,FR
Legends Of Gaming Fr,French For A Day,0.8491165568387667,FR,FR
Warner Bros. Games F,Santé publique Franc,0.7658180512831769,FR,FR
Warner Bros. Games F,Sport en France,0.7879551582632452,FR,FR
Warner Bros. Games F,MAGGI France,0.8579095981230542,FR,FR
Warner Bros. Games F,Magyar Közöny Podcas,0.7777369574906657,FR,HU
Warner Bros. Games F,Nemzeti Filmintézet,0.8562845098886124,FR,HU
Women in Games Franc,Startup Bootcamp Fra,0.782326632101269,FR,FR
Women in Games Franc,ASTEN SANTE,0.9307058348532287,FR,FR
Women in Games Franc,Magyar Viktor Stream,0.7966937733292655,FR,HU
Women in Games Franc,Luxembourg School of,0.8523668978813048,FR,LU
Women in Games Franc,パリ Franceのマルシェから,0.7842722915042761,FR,FR
Women in Games Franc,Sheikh sathi lifesty,0.7629873843658467,FR,FR
Women in Games Franc,French Lifestyle,0.7615918228232307,FR,FR
Women in Games Franc,Tamanna’s Kitchen & ,0.822456738322183,FR,FR
Women in Games Franc,Jahanara lifestyle f,0.7823654691157799,FR,FR
Women in Games Franc,Gay in Rural France ,0.9451149646539632,FR,FR
Women in Games Franc,Magyar E-sport Szöve,0.7742589160607662,FR,HU
Women in Games Franc,Magyar Funkcionális ,0.8034193406034683,FR,HU
Women in Games Franc,12 Tone Music,0.7657409299748691,FR,HU
Women in Games Franc,Anibarátok Podcast,0.8033516457658841,FR,HU
Women in Games Franc,"Trader Rock - Forex,",0.8492987245131369,FR,HU
Women in Games Franc,HUSZONEGY Bitcoin po,0.8674217764998237,FR,HU
Women in Games Franc,Choeur de Chambre de,0.8472937663898323,FR,LU
Women in Games Franc,Vaibhav KKM,0.7573584128316376,FR,LU
Women in Games Franc,Le Recap Twitch,0.8340650344553645,FR,FR
France-Tech,Musique France,0.7651345788828517,FR,FR
France-Tech,Ricch Rock France,0.8031918012443238,FR,FR
France-Tech,Magyar Zene,0.8096442350809445,FR,HU
France-Tech,FlashGraphics Luxemb,0.9288331456057572,FR,LU
France-Tech,Magyar gamer,0.8162449328926114,FR,HU
Share it - Tech for ,Business France UK &,0.888908085408308,FR,FR
Share it - Tech for ,France Assos Santé I,0.77398338425484,FR,FR
Share it - Tech for ,The Luxembourg Mind,0.7593208362338691,FR,LU
Share it - Tech for ,Kulturministère - Mi,0.7784732512361381,FR,LU
Share it - Tech for ,Deep Dive Culture,0.7784131794030971,FR,LU
Share it - Tech for ,Philharmonie Luxembo,0.7936649230813833,FR,LU
Share it - Tech for ,ablan star bebegim,0.771656448720107,FR,HU
Share it - Tech for ,Magyar Zene,0.814408381301746,FR,HU
Share it - Tech for ,Magyar Krónikák,0.9163925626046051,FR,HU
Share it - Tech for ,Anna Luxembourg,0.8179665316128552,FR,LU
Share it - Tech for ,The Little Gym Luxem,0.8089584220353108,FR,LU
Share it - Tech for ,Magyar gamer,0.7710703634012969,FR,HU
Business France,Premiers Secours en ,0.814876929518478,FR,FR
Business France,Daily French Voyage,0.8057662134998264,FR,FR
Business France,Tamanna’s Kitchen & ,0.7601383096604001,FR,FR
Business France Nort,Magyar Pedagógiai Tá,0.9120094150194274,FR,HU
Business France Nort,The Luxembourg Mind,0.7644041897550728,FR,LU
Business France Nort,Kulturministère - Mi,0.8124737444706988,FR,LU
Business France Nort,DEFI - La Mode de Fr,0.9745205125158579,FR,FR
Business France Nort,Vegan Fighter France,0.8285281266085557,FR,FR
Business France Nort,91. perc podcast,0.8116102209389278,FR,HU
Business France Nort,Lux Podcast,0.7766696695215853,FR,LU
Business France Nort,FJU Luxembourg,0.8498687646121762,FR,LU
Business France Nort,Anna Luxembourg,0.769851242732035,FR,LU
Business France Nort,The Little Gym Luxem,0.8882675887708247,FR,LU
Business France UK &,Village by CA Centre,0.7940513247134159,FR,FR
Business France UK &,Startup Leadership P,0.7997133320842773,FR,FR
Business France UK &,France Assos Santé I,0.852603782672166,FR,FR
Business France UK &,The Luxembourg Mind,0.8272677485693943,FR,LU
Business France UK &,Deep Dive Culture,0.8569719755950055,FR,LU
Business France UK &,Philharmonie Luxembo,0.8692324597695255,FR,LU
Business France UK &,Magyar Krónikák,0.8886407380417773,FR,HU
Business France UK &,The Little Gym Luxem,0.815924639848569,FR,LU
Business France UK &,MediNation Luxembour,0.8195740586706483,FR,LU
Dimz - French entrep,Village by CA Centre,0.7699152411980811,FR,FR
Dimz - French entrep,CityNews Luxembourg,0.8051232161414056,FR,LU
Dimz - French entrep,Lr health and Beauty,0.8938130789620065,FR,FR
Dimz - French entrep,French Quarter Podca,0.8707089458759277,FR,FR
Dimz - French entrep,Healthcare Week Luxe,0.8231672347025513,FR,LU
Startup Bootcamp Fra,Culture de France,0.8953070562357068,FR,FR
Startup Bootcamp Fra,Research Luxembourg,0.8578551731631502,FR,LU
Startup Bootcamp Fra,Jahanara lifestyle f,0.8084818210876029,FR,FR
Startup Bootcamp Fra,Magyar E-sport Szöve,0.8495528350398449,FR,HU
Startup Bootcamp Fra,Magyar Funkcionális ,0.7617757982504845,FR,HU
Startup Bootcamp Fra,12 Tone Music,0.7582578858889729,FR,HU
Startup Bootcamp Fra,Magyar Zene Nyaralój,0.8519065848437999,FR,HU
Startup Bootcamp Fra,"Trader Rock - Forex,",0.8337862149103503,FR,HU
Startup Bootcamp Fra,Chaos Boys Hungary -,0.756221272079266,FR,HU
Startup Bootcamp Fra,Trove Film Collectiv,0.8532038377291247,FR,HU
Startup Bootcamp Fra,Hungarian Mirror,0.8325374498703768,FR,HU
Startup Bootcamp Fra,Choeur de Chambre de,0.8585543478393604,FR,LU
Startup Bootcamp Fra,Chill mam Will,0.7844241200740505,FR,LU
Startup Bootcamp Fra,Powerlifting & Weigh,0.7778358740159292,FR,LU
Startup Bootcamp Fra,CMCM Luxembourg,0.7826213172561818,FR,LU
Startup Bootcamp Fra,Le Recap Twitch,0.7782683925374431,FR,FR
Village by CA Centre,Startup Leadership P,0.8580299221320767,FR,FR
Village by CA Centre,France Assos Santé I,0.8869926098316177,FR,FR
Village by CA Centre,The Luxembourg Mind,0.8561498471381592,FR,LU
Village by CA Centre,CityNews Luxembourg,0.8067258963492561,FR,LU
Village by CA Centre,Deep Dive Culture,0.8890307446542259,FR,LU
Village by CA Centre,Philharmonie Luxembo,0.8590784354899011,FR,LU
Village by CA Centre,FHSE - University of,0.7780754060998928,FR,LU
Village by CA Centre,Lr health and Beauty,0.8193993553497174,FR,FR
Village by CA Centre,French Quarter Podca,0.7802174122007938,FR,FR
Village by CA Centre,MediNation Luxembour,0.9004716218442707,FR,LU
Village by CA Centre,Healthcare Week Luxe,0.8128093416800958,FR,LU
Startup Leadership P,France Assos Santé I,0.9178620460768462,FR,FR
Startup Leadership P,The Luxembourg Mind,0.9589653503431275,FR,LU
Startup Leadership P,Deep Dive Culture,0.8170417126731674,FR,LU
Startup Leadership P,Philharmonie Luxembo,0.7973706989380677,FR,LU
Startup Leadership P,Lr health and Beauty,0.8084058710779071,FR,FR
Startup Leadership P,DEFI - La Mode de Fr,0.7685941125191162,FR,FR
Startup Leadership P,French Quarter Podca,0.7942727270568588,FR,FR
Startup Leadership P,FJU Luxembourg,0.8257010394916943,FR,LU
Startup Leadership P,The Little Gym Luxem,0.7942563849601115,FR,LU
Startup Leadership P,MediNation Luxembour,0.8022200755971158,FR,LU
France Assos Santé I,The Luxembourg Mind,0.9428783460591498,FR,LU
France Assos Santé I,Deep Dive Culture,0.8768870644536857,FR,LU
France Assos Santé I,Philharmonie Luxembo,0.8569672505958643,FR,LU
France Assos Santé I,Lr health and Beauty,0.7785521166074756,FR,FR
France Assos Santé I,Magyar Krónikák,0.7729208886653354,FR,HU
France Assos Santé I,FJU Luxembourg,0.7843986516008712,FR,LU
France Assos Santé I,The Little Gym Luxem,0.797406642728723,FR,LU
France Assos Santé I,MediNation Luxembour,0.8525035868415142,FR,LU
Premiers Secours en ,ASTEN SANTE,0.7797756956274587,FR,FR
Premiers Secours en ,Magyar Viktor Stream,0.8949827104609369,FR,HU
Premiers Secours en ,Daily French Voyage,0.7868262059030463,FR,FR
Premiers Secours en ,Sheikh sathi lifesty,0.8580406055333757,FR,FR
Premiers Secours en ,Tamanna’s Kitchen & ,0.8943795039236248,FR,FR
Premiers Secours en ,Gay in Rural France ,0.7856231907998823,FR,FR
Premiers Secours en ,Anibarátok Podcast,0.7711429262060431,FR,HU
Premiers Secours en ,HUSZONEGY Bitcoin po,0.8060424811779763,FR,HU
Premiers Secours en ,From Luxembourg with,0.8364067441584893,FR,LU
Premiers Secours en ,Vaibhav KKM,0.7821665690369071,FR,LU
ASTEN SANTE,Magyar Viktor Stream,0.8378531440333145,FR,HU
ASTEN SANTE,Luxembourg School of,0.889054594688448,FR,LU
ASTEN SANTE,パリ Franceのマルシェから,0.8124659380249005,FR,FR
ASTEN SANTE,Sheikh sathi lifesty,0.8059869325402466,FR,FR
ASTEN SANTE,French Lifestyle,0.8053887483446285,FR,FR
ASTEN SANTE,Tamanna’s Kitchen & ,0.8440780292295524,FR,FR
ASTEN SANTE,Gay in Rural France ,0.9644863724507625,FR,FR
ASTEN SANTE,Magyar E-sport Szöve,0.7613528685227918,FR,HU
ASTEN SANTE,Magyar Funkcionális ,0.8187889850863521,FR,HU
ASTEN SANTE,12 Tone Music,0.7754392007986082,FR,HU
ASTEN SANTE,Anibarátok Podcast,0.8524803895923717,FR,HU
ASTEN SANTE,"Trader Rock - Forex,",0.7988065281951167,FR,HU
ASTEN SANTE,HUSZONEGY Bitcoin po,0.9270039417993764,FR,HU
ASTEN SANTE,Choeur de Chambre de,0.8273179891471308,FR,LU
ASTEN SANTE,Vaibhav KKM,0.8025032277516945,FR,LU
ASTEN SANTE,Le Recap Twitch,0.8468653955473444,FR,FR
Santé Optimale Franc,Positive Psy Luxembo,0.8427652663574209,FR,LU
Association Santé En,Luxembourg American ,0.8533809651637835,FR,LU
Association Santé En,Kulturministère - Mi,0.7654682522812709,FR,LU
Association Santé En,Sacred Heart Univers,0.8508956663740556,FR,LU
Association Santé En,oklm beauty France ,0.8341766596223571,FR,FR
Association Santé En,Miss Small Beauty Fr,0.8577158847803208,FR,FR
Association Santé En,Onorina Jomir Beauty,0.7619253072876806,FR,FR
Association Santé En,ablan star bebegim,0.858605183584217,FR,HU
Association Santé En,"Izraelben utazás, cs",0.9258075498375863,FR,HU
Association Santé En,91. perc podcast,0.7620739462651629,FR,HU
Association Santé En,Hungarian Mirror,0.7598322106859091,FR,HU
Association Santé En,Travel Nature & Spor,0.8164056817056611,FR,LU
Association Santé En,Luxembourg Sports Ne,0.8266325640625569,FR,LU
Association Santé En,Rugby Club Luxembour,0.811674310999766,FR,LU
Association Santé En,Luxembourg Expo Pavi,0.9873018821548945,FR,LU
Association Santé En,Meghna Luxembourg Vl,0.7696861601378079,FR,LU
Association Santé En,Anna Luxembourg,0.7912536843549552,FR,LU
Association Santé En,Powerlifting & Weigh,0.8414894319680926,FR,LU
Association Santé En,Healthcareers Luxemb,0.8317985086987265,FR,LU
Association Santé En,Ultima Gaming France,0.8722659377672962,FR,FR
Association Santé En,luxembourg ball gami,0.9273341129050393,FR,LU
Santé publique Franc,Feriha - Magyar Szin,0.7565355542045347,FR,HU
Agence Erasmus+ Fran,Luxemburger Wort,0.8292059412830027,FR,LU
Agence Erasmus+ Fran,Wasi Gaming,0.7792409605810932,FR,FR
France Éducation int,Magyar Streamer Bajn,0.8351655499211651,FR,HU
France Éducation int,Elit Oktatás,0.762563941655766,FR,HU
France Éducation int,LAROQ - Performance ,0.8086823945931559,FR,FR
France Éducation int,VoilaChef France,0.7962590873629563,FR,FR
France Éducation int,PassioneBeauty Franc,0.7690777537379615,FR,FR
France Éducation int,LR Health & Beauty F,0.8063012610801528,FR,FR
France Éducation int,Lisa,0.8102503221958455,FR,LU
Life style and Cultu,POST Telecom for Bus,0.8964429000820376,FR,LU
Life style and Cultu,oklm beauty France ,0.8359835828206904,FR,FR
Life style and Cultu,Shark Beauty France,0.769559717183083,FR,FR
Life style and Cultu,Onorina Jomir Beauty,0.8574271497013125,FR,FR
Life style and Cultu,Magyar Lelátó,0.8664055258033543,FR,HU
Life style and Cultu,Magyar Humor,0.7745147841166767,FR,HU
Life style and Cultu,Travel Nature & Spor,0.8074187569357935,FR,LU
Life style and Cultu,Luxembourg Sports Ne,0.8024966401496035,FR,LU
Life style and Cultu,Healthcareers Luxemb,0.7745219098062505,FR,LU
Life style and Cultu,Ultima Gaming France,0.8035520656748756,FR,FR
Culture de France,Luxembourg American ,0.801371690193465,FR,LU
Culture de France,Sacred Heart Univers,0.7846024872770097,FR,LU
Culture de France,Research Luxembourg,0.9081113063255444,FR,LU
Culture de France,Impulse Fitness Fran,0.7660899829680646,FR,FR
Culture de France,Miss Small Beauty Fr,0.7850346841900041,FR,FR
Culture de France,Onorina Jomir Beauty,0.7696607741174202,FR,FR
Culture de France,Jahanara lifestyle f,0.7627299729253664,FR,FR
Culture de France,Magyar E-sport Szöve,0.8140084119691626,FR,HU
Culture de France,Magyar Zene Nyaralój,0.8456797627060433,FR,HU
Culture de France,"Izraelben utazás, cs",0.7792167312137933,FR,HU
Culture de France,"Trader Rock - Forex,",0.7678918530534791,FR,HU
Culture de France,Trove Film Collectiv,0.8971033490073805,FR,HU
Culture de France,Hungarian Mirror,0.9036930047004074,FR,HU
Culture de France,Luxembourg Sports Ne,0.8012249264235545,FR,LU
Culture de France,Rugby Club Luxembour,0.7959510482540171,FR,LU
Culture de France,Choeur de Chambre de,0.7915057882187944,FR,LU
Culture de France,Chill mam Will,0.8176186770097618,FR,LU
Culture de France,Powerlifting & Weigh,0.853864738819932,FR,LU
Culture de France,CMCM Luxembourg,0.7740015277811922,FR,LU
Ina French Style,Távoktatás magyar ny,0.9029328190482022,FR,HU
Ina French Style,Luxemburger Landwirt,0.9171907997269673,FR,LU
Ina French Style,Fitness France,0.8037280299994136,FR,FR
Ina French Style,M•A•C Cosmetics Fran,0.8121810696429763,FR,FR
Ina French Style,Wasi Gaming,0.8528382729735856,FR,FR
Ina French Style,Monster High Magyaro,0.8412780469230017,FR,HU
Ina French Style,Rubicon Történelem,0.7919144543090917,FR,HU
Ina French Style,CHL Luxembourg,0.9032948422581832,FR,LU
France Culture,Notre Histoire,0.7933521086482102,FR,FR
France Culture,France tv sport,0.8481800917045069,FR,FR
France Culture,France Musique conce,0.7939343686541886,FR,FR
France Culture,Jaime French,0.9320704600088996,FR,FR
France Culture,Baloo Live,0.8599501364863864,FR,FR
Notre Histoire,France Musique conce,0.7625577687778539,FR,FR
Notre Histoire,SleepingBeauty,0.8030868404559854,FR,FR
Notre Histoire,Jaime French,0.8158105505857299,FR,FR
Notre Histoire,Baloo Live,0.8354961268638703,FR,FR
Csak egy magyar yout,Magyar Gamer Róka,0.8899213256169882,HU,HU
Csak egy magyar yout,CityNews Luxembourg,0.8089374467863529,HU,LU
Csak egy magyar yout,FHSE - University of,0.8008332848357881,HU,LU
Csak egy magyar yout,LuxUnplugged Podcast,0.8496941501215903,HU,LU
Csak egy magyar yout,Healthcare Week Luxe,0.8038870439477331,HU,LU
Magyar gamer,Travel Nature & Spor,0.7991036517565564,HU,LU
Magyar gamer,FlashGraphics Luxemb,0.7672654648319858,HU,LU
Magyar gamer,Meghna Luxembourg Vl,0.8758629472761439,HU,LU
Magyar gamer,Healthcareers Luxemb,0.8045279544646081,HU,LU
Magyar gamer,Magyar gamer,0.7885547664371997,HU,HU
Magyar Gamer Róka,FHSE - University of,0.7625375992420184,HU,LU
Magyar Gamer Róka,Froothie Luxembourg,0.8131330960549261,HU,LU
Magyar Gamer Róka,LuxUnplugged Podcast,0.8598435630806951,HU,LU
Magyar Barbara,Voyage Voyages,0.819740061078226,HU,FR
Magyar Barbara,SRAM,0.8963315088512797,HU,HU
Magyar Barbara,Amélia jól szórakozi,0.8666411155006426,HU,HU
Magyar Barbara,BEYBLADE Français - ,0.8067825414478107,HU,FR
Magyar Viktor Stream,Luxembourg School of,0.800041902010078,HU,LU
Magyar Viktor Stream,Sheikh sathi lifesty,0.9267194107258611,HU,FR
Magyar Viktor Stream,French Lifestyle,0.8216156597622027,HU,FR
Magyar Viktor Stream,Tamanna’s Kitchen & ,0.8962201493793729,HU,FR
Magyar Viktor Stream,Gay in Rural France ,0.8353415498409207,HU,FR
Magyar Viktor Stream,Anibarátok Podcast,0.8477089142962584,HU,HU
Magyar Viktor Stream,HUSZONEGY Bitcoin po,0.8822417775422766,HU,HU
Magyar Viktor Stream,From Luxembourg with,0.8633360710920933,HU,LU
Magyar Viktor Stream,Vaibhav KKM,0.8526607410541253,HU,LU
Magyar Streamer Bajn,LAROQ - Performance ,0.8980192361942306,HU,FR
Magyar Streamer Bajn,Thérèse [musique & p,0.7729636183611344,HU,FR
Magyar Streamer Bajn,VoilaChef France,0.929864045697154,HU,FR
Magyar Streamer Bajn,Belső utazás (The Jo,0.8307654001081922,HU,HU
Magyar Streamer Bajn,Der Legionär Magyar,0.7606011518861772,HU,HU
Magyar Streamer Bajn,YONZAN VLOG,0.7864721233769765,HU,LU
Magyar Streamer Bajn,Christian Lavey - Ma,0.8020290662987672,HU,LU
Magyar Tech Tippek,Luxembourg School of,0.7910805837381332,HU,LU
Magyar Tech Tippek,パリ Franceのマルシェから,0.8559724598028646,HU,FR
Magyar Tech Tippek,Onacook France,0.9631821884947593,HU,FR
Magyar Tech Tippek,French Lifestyle,0.7603457401980684,HU,FR
Magyar Tech Tippek,Magyar E-sport Szöve,0.8007184688656951,HU,HU
Magyar Tech Tippek,Magyar Funkcionális ,0.8564486254854773,HU,HU
Magyar Tech Tippek,12 Tone Music,0.897469782689974,HU,HU
Magyar Tech Tippek,Anibarátok Podcast,0.7581993826809339,HU,HU
Magyar Tech Tippek,Choeur de Chambre de,0.773552307123111,HU,LU
Magyar Tech Tippek,Auchan Luxembourg,0.8848618124131595,HU,LU
Magyar Tech Tippek,CMCM Luxembourg,0.8348029063148968,HU,LU
Magyar Tech Tippek,Luxembourg Institute,0.8650840829309636,HU,LU
Magyar Tech Tippek,Le Recap Twitch,0.8241389772725278,HU,FR
Magyar Tech Tippek, Magyar Gamer CJ,0.807360921439155,HU,HU
TotoFPV Tech,Elit Oktatás,0.9579219822071333,HU,HU
TotoFPV Tech,Luxemburger Wort,0.8004112946137795,HU,LU
TotoFPV Tech,Fitness France,0.8576258709261824,HU,FR
TotoFPV Tech,LAROQ - Performance ,0.7745958401711469,HU,FR
TotoFPV Tech,Wasi Gaming,0.7614581245324795,HU,FR
TotoFPV Tech,Utazás BUSINESS CLAS,0.8098807983691196,HU,HU
TotoFPV Tech,MKUK - Magyar Kanizs,0.7570545239471409,HU,HU
TotoFPV Tech,Der Legionär Magyar,0.7638969235369341,HU,HU
TotoFPV Tech,Poneeey Live (Gaming,0.9552815695823932,HU,FR
Magyar Pedagógiai Tá,Kulturministère - Mi,0.8751506345129834,HU,LU
Magyar Pedagógiai Tá,DEFI - La Mode de Fr,0.8992413130826009,HU,FR
Magyar Pedagógiai Tá,Vegan Fighter France,0.8887114428037401,HU,FR
Magyar Pedagógiai Tá,91. perc podcast,0.8799018167326613,HU,HU
Magyar Pedagógiai Tá,Lux Podcast,0.7819749726321433,HU,LU
Magyar Pedagógiai Tá,FJU Luxembourg,0.7858907573041652,HU,LU
Magyar Pedagógiai Tá,Anna Luxembourg,0.8167325965057113,HU,LU
Magyar Pedagógiai Tá,The Little Gym Luxem,0.8655998556427015,HU,LU
Elit Oktatás,Luxemburger Wort,0.7872043178368675,HU,LU
Elit Oktatás,Fitness France,0.8698570247691338,HU,FR
Elit Oktatás,LAROQ - Performance ,0.7679820840514582,HU,FR
Elit Oktatás,M•A•C Cosmetics Fran,0.7662009032189196,HU,FR
Elit Oktatás,Wasi Gaming,0.7638901773211335,HU,FR
Elit Oktatás,Utazás BUSINESS CLAS,0.7833098046097882,HU,HU
Elit Oktatás,Poneeey Live (Gaming,0.9714528774122821,HU,FR
Távoktatás magyar ny,Luxemburger Landwirt,0.922688790442593,HU,LU
Távoktatás magyar ny,Sport en France,0.7713741069629811,HU,FR
Távoktatás magyar ny,M•A•C Cosmetics Fran,0.7969841962369629,HU,FR
Távoktatás magyar ny,Wasi Gaming,0.7821739223297908,HU,FR
Távoktatás magyar ny,Monster High Magyaro,0.9107561490996963,HU,HU
Távoktatás magyar ny,Rubicon Történelem,0.839472397901141,HU,HU
Távoktatás magyar ny,CHL Luxembourg,0.916690656206304,HU,LU
Távoktatás magyar ny,Magyar LoLTV,0.8067057377052916,HU,HU
Luxemburger Landwirt,Fitness France,0.7844927206988614,LU,FR
Luxemburger Landwirt,M•A•C Cosmetics Fran,0.8523640658243143,LU,FR
Luxemburger Landwirt,Wasi Gaming,0.7995788199695724,LU,FR
Luxemburger Landwirt,Monster High Magyaro,0.8465162138774874,LU,HU
Luxemburger Landwirt,Rubicon Történelem,0.7845717003567126,LU,HU
Luxemburger Landwirt,The Escape Plans,0.7646964270857963,LU,LU
Luxemburger Landwirt,CHL Luxembourg,0.869065091711174,LU,LU
Luxemburger Landwirt,Magyar LoLTV,0.7631237291323746,LU,HU
Luxemburger Wort,Fitness France,0.831941216805782,LU,FR
Luxemburger Wort,Wasi Gaming,0.851209686401459,LU,FR
Luxemburger Wort,Utazás BUSINESS CLAS,0.8379088895955725,LU,HU
Luxemburger Wort,MKUK - Magyar Kanizs,0.7665843952885449,LU,HU
Luxemburger Wort,Poneeey Live (Gaming,0.8044680048953046,LU,FR
Luxembourg Tech Scho,Luxembourg American ,0.7840546903140074,LU,LU
Luxembourg Tech Scho,Sacred Heart Univers,0.7881230074692589,LU,LU
Luxembourg Tech Scho,Impulse Fitness Fran,0.9053459188997451,LU,FR
Luxembourg Tech Scho,FRED'S KITCHEN FRANC,0.9504167667023689,LU,FR
Luxembourg Tech Scho,Miss Small Beauty Fr,0.782387229812704,LU,FR
Luxembourg Tech Scho,Jahanara lifestyle f,0.7837016338060694,LU,FR
Luxembourg Tech Scho,Vegan Fighter France,0.7807691053972792,LU,FR
Luxembourg Tech Scho,Magyar Zene Nyaralój,0.8434362935893386,LU,HU
Luxembourg Tech Scho,Chaos Boys Hungary -,0.876296776892736,LU,HU
Luxembourg Tech Scho,Rugby Club Luxembour,0.8249294252420902,LU,LU
Luxembourg Tech Scho,Chill mam Will,0.891042705891131,LU,LU
POST Telecom for Bus,oklm beauty France ,0.7688240351097222,LU,FR
POST Telecom for Bus,Shark Beauty France,0.8229385890125764,LU,FR
POST Telecom for Bus,Onorina Jomir Beauty,0.8314350970740586,LU,FR
POST Telecom for Bus,Magyar Lelátó,0.8842421754461257,LU,HU
POST Telecom for Bus,Magyar Humor,0.8493060443784234,LU,HU
POST Telecom for Bus,Luxembourg Sports Ne,0.7643671026248597,LU,LU
POST Telecom for Bus, Magyar Gamer CJ,0.7934277264462353,LU,HU
Luxembourg School of,パリ Franceのマルシェから,0.9040434298374155,LU,FR
Luxembourg School of,Onacook France,0.809509676799974,LU,FR
Luxembourg School of,Sheikh sathi lifesty,0.7936167553008985,LU,FR
Luxembourg School of,French Lifestyle,0.8531923713434628,LU,FR
Luxembourg School of,Tamanna’s Kitchen & ,0.7760285046219868,LU,FR
Luxembourg School of,Gay in Rural France ,0.8613007727624227,LU,FR
Luxembourg School of,Magyar E-sport Szöve,0.7956237667502224,LU,HU
Luxembourg School of,Magyar Funkcionális ,0.8997777712036799,LU,HU
Luxembourg School of,12 Tone Music,0.8463810554035606,LU,HU
Luxembourg School of,Anibarátok Podcast,0.8945951788166769,LU,HU
Luxembourg School of,HUSZONEGY Bitcoin po,0.8915065592777883,LU,HU
Luxembourg School of,Choeur de Chambre de,0.8446901438212222,LU,LU
Luxembourg School of,Vaibhav KKM,0.8288231418571037,LU,LU
Luxembourg School of,CMCM Luxembourg,0.7562475570141655,LU,LU
Luxembourg School of,Le Recap Twitch,0.9197722114274967,LU,FR
The Luxembourg Mind,Deep Dive Culture,0.8326778488139202,LU,LU
The Luxembourg Mind,Philharmonie Luxembo,0.8150316197655898,LU,LU
The Luxembourg Mind,Lr health and Beauty,0.7844661542176183,LU,FR
The Luxembourg Mind,DEFI - La Mode de Fr,0.7798321957884264,LU,FR
The Luxembourg Mind,French Quarter Podca,0.7688214141577271,LU,FR
The Luxembourg Mind,FJU Luxembourg,0.8222263018439229,LU,LU
The Luxembourg Mind,The Little Gym Luxem,0.8142021449077893,LU,LU
The Luxembourg Mind,MediNation Luxembour,0.8120482975673535,LU,LU
Luxembourg American ,Kulturministère - Mi,0.7754785959122473,LU,LU
Luxembourg American ,Sacred Heart Univers,0.9712861097789984,LU,LU
Luxembourg American ,Research Luxembourg,0.766494836889541,LU,LU
Luxembourg American ,Impulse Fitness Fran,0.8477308994814922,LU,FR
Luxembourg American ,Miss Small Beauty Fr,0.974478150952373,LU,FR
Luxembourg American ,Vegan Fighter France,0.7615685115103119,LU,FR
Luxembourg American ,ablan star bebegim,0.7665433788742164,LU,HU
Luxembourg American ,Magyar Zene Nyaralój,0.7812905857652299,LU,HU
Luxembourg American ,"Izraelben utazás, cs",0.8703952935597774,LU,HU
Luxembourg American ,91. perc podcast,0.789661705790685,LU,HU
Luxembourg American ,Trove Film Collectiv,0.7589064618324673,LU,HU
Luxembourg American ,Hungarian Mirror,0.7926437544841118,LU,HU
Luxembourg American ,Luxembourg Sports Ne,0.7990970564068876,LU,LU
Luxembourg American ,Rugby Club Luxembour,0.9391020023507834,LU,LU
Luxembourg American ,Luxembourg Expo Pavi,0.8566725190156848,LU,LU
Luxembourg American ,Chill mam Will,0.8515582958451093,LU,LU
Luxembourg American ,Anna Luxembourg,0.7678306812254947,LU,LU
Luxembourg American ,Powerlifting & Weigh,0.9083903122272694,LU,LU
Luxembourg American ,Ultima Gaming France,0.7876547888160876,LU,FR
Luxembourg American ,luxembourg ball gami,0.8144971713995163,LU,LU
Kulturministère - Mi,Sacred Heart Univers,0.7931388063241557,LU,LU
Kulturministère - Mi,Impulse Fitness Fran,0.7677033036666056,LU,FR
Kulturministère - Mi,Miss Small Beauty Fr,0.7914526994030595,LU,FR
Kulturministère - Mi,DEFI - La Mode de Fr,0.8079947274509692,LU,FR
Kulturministère - Mi,Vegan Fighter France,0.8616495255526504,LU,FR
Kulturministère - Mi,ablan star bebegim,0.7870401294877973,LU,HU
Kulturministère - Mi,91. perc podcast,0.9512894973597155,LU,HU
Kulturministère - Mi,Rugby Club Luxembour,0.780714498512734,LU,LU
Kulturministère - Mi,Luxembourg Expo Pavi,0.7730654261113599,LU,LU
Kulturministère - Mi,Anna Luxembourg,0.9130011448025399,LU,LU
Kulturministère - Mi,The Little Gym Luxem,0.8197456536036805,LU,LU
Kulturministère - Mi,luxembourg ball gami,0.7846143628121313,LU,LU
CityNews Luxembourg,Deep Dive Culture,0.7625267087497076,LU,LU
CityNews Luxembourg,FHSE - University of,0.9056503870499248,LU,LU
CityNews Luxembourg,Lr health and Beauty,0.7868128475481604,LU,FR
CityNews Luxembourg,MediNation Luxembour,0.7931337339858122,LU,LU
CityNews Luxembourg,Healthcare Week Luxe,0.9730893686234645,LU,LU
Deep Dive Culture,Philharmonie Luxembo,0.9621936442544278,LU,LU
Deep Dive Culture,FHSE - University of,0.7591111383314442,LU,LU
Deep Dive Culture,Magyar Krónikák,0.8047618245693928,LU,HU
Deep Dive Culture,MediNation Luxembour,0.9491637506366594,LU,LU
Deep Dive Culture,Healthcare Week Luxe,0.7621542529400455,LU,LU
Philharmonie Luxembo,Magyar Krónikák,0.8267269719000137,LU,HU
Philharmonie Luxembo,MediNation Luxembour,0.9274411249997455,LU,LU
Sacred Heart Univers,Impulse Fitness Fran,0.8558491649396622,LU,FR
Sacred Heart Univers,FRED'S KITCHEN FRANC,0.757607142435504,LU,FR
Sacred Heart Univers,Miss Small Beauty Fr,0.9902435520680838,LU,FR
Sacred Heart Univers,Vegan Fighter France,0.7781870365328746,LU,FR
Sacred Heart Univers,ablan star bebegim,0.7725866349807358,LU,HU
Sacred Heart Univers,Magyar Zene Nyaralój,0.7735067014897616,LU,HU
Sacred Heart Univers,"Izraelben utazás, cs",0.8580085119824518,LU,HU
Sacred Heart Univers,91. perc podcast,0.808491950710758,LU,HU
Sacred Heart Univers,Hungarian Mirror,0.7745212307392343,LU,HU
Sacred Heart Univers,Luxembourg Sports Ne,0.7832442897998281,LU,LU
Sacred Heart Univers,Rugby Club Luxembour,0.9454388296567393,LU,LU
Sacred Heart Univers,Luxembourg Expo Pavi,0.8556294605012121,LU,LU
Sacred Heart Univers,Chill mam Will,0.8489744271951796,LU,LU
Sacred Heart Univers,Anna Luxembourg,0.7827368202448471,LU,LU
Sacred Heart Univers,Powerlifting & Weigh,0.8847082453583333,LU,LU
Sacred Heart Univers,Ultima Gaming France,0.7776822382758743,LU,FR
Sacred Heart Univers,luxembourg ball gami,0.8180837899176459,LU,LU
Ministère de l'Educa,Juste pour rire Fran,0.9747885373634068,LU,FR
Ministère de l'Educa,Lékué France,0.8277695903469044,LU,FR
Ministère de l'Educa,Utazás BUSINESS CLAS,0.7942110589826178,LU,HU
Ministère de l'Educa, Poroszka Magyar Zso,0.7635098735211846,LU,HU
Ministère de l'Educa,MKUK - Magyar Kanizs,0.8634838663070827,LU,HU
Ministère de l'Educa,Luxembourg for Touri,0.86104446164371,LU,LU
Ministère de l'Educa,PwC Luxembourg,0.7893399779765049,LU,LU
FHSE - University of,MediNation Luxembour,0.7912663378855183,LU,LU
FHSE - University of,Healthcare Week Luxe,0.8836722829106812,LU,LU
Research Luxembourg,Onorina Jomir Beauty,0.8183566823507615,LU,FR
Research Luxembourg,Magyar Lelátó,0.7933845583179296,LU,HU
Research Luxembourg,Magyar E-sport Szöve,0.8482056023563947,LU,HU
Research Luxembourg,Magyar Zene Nyaralój,0.7803597938926566,LU,HU
Research Luxembourg,"Izraelben utazás, cs",0.7755268679630961,LU,HU
Research Luxembourg,Trove Film Collectiv,0.9857808334272408,LU,HU
Research Luxembourg,Hungarian Mirror,0.9493002992767742,LU,HU
Research Luxembourg,Luxembourg Sports Ne,0.8294150337672157,LU,LU
Research Luxembourg,Choeur de Chambre de,0.7971276373133848,LU,LU
Research Luxembourg,Auchan Luxembourg,0.7730521863244247,LU,LU
Research Luxembourg,Chill mam Will,0.758134383667815,LU,LU
Research Luxembourg,Powerlifting & Weigh,0.8273764699418751,LU,LU
Research Luxembourg,CMCM Luxembourg,0.8283189656345618,LU,LU
Research Luxembourg, Magyar Gamer CJ,0.8011334021945714,LU,HU
France tv sport,Jaime French,0.8184217086261724,FR,FR
France tv sport,Baloo Live,0.7573710383630509,FR,FR
NBA Extra - beIN SPO,Prime Video Sport Fr,0.9624639961396647,FR,FR
NBA Extra - beIN SPO,France Musique conce,0.8226354443974578,FR,FR
NBA Extra - beIN SPO,SleepingBeauty,0.7565372313656573,FR,FR
NBA Extra - beIN SPO,Indian Mom in Europe,0.9258771390344424,FR,LU
NBA Extra - beIN SPO,BEYBLADE Français - ,0.8239211991332454,FR,FR
Sport en France,MAGGI France,0.7755510196524155,FR,FR
Sport en France,Magyar Közöny Podcas,0.8731900585075726,FR,HU
Sport en France,Monster High Magyaro,0.8285194420256963,FR,HU
Sport en France,Nemzeti Filmintézet,0.8081116296832159,FR,HU
Sport en France,Rubicon Történelem,0.8545683758031062,FR,HU
Sport en France,CHL Luxembourg,0.7646880309866885,FR,LU
Sport en France,Magyar LoLTV,0.932836029655013,FR,HU
Prime Video Sport Fr,France Musique conce,0.8479431491416644,FR,FR
Prime Video Sport Fr,SleepingBeauty,0.7781643553163281,FR,FR
Prime Video Sport Fr,Indian Mom in Europe,0.9138198479745964,FR,LU
Prime Video Sport Fr,BEYBLADE Français - ,0.8242514487998533,FR,FR
Prime Video Sport Fr,Baloo Live,0.7638876900569306,FR,FR
Fitness France,M•A•C Cosmetics Fran,0.8089995327232291,FR,FR
Fitness France,Wasi Gaming,0.8568144991863869,FR,FR
Fitness France,Utazás BUSINESS CLAS,0.7624526311339487,FR,HU
Fitness France,Poneeey Live (Gaming,0.8893778206141976,FR,FR
LAROQ - Performance ,Thérèse [musique & p,0.8210211645521552,FR,FR
LAROQ - Performance ,VoilaChef France,0.9321718352353147,FR,FR
LAROQ - Performance ,Belső utazás (The Jo,0.8657419794349931,FR,HU
LAROQ - Performance ,Der Legionär Magyar,0.8263974513474873,FR,HU
LAROQ - Performance ,YONZAN VLOG,0.7952345612456608,FR,LU
LAROQ - Performance ,PwC Luxembourg,0.7892363573963159,FR,LU
LAROQ - Performance ,Christian Lavey - Ma,0.8494660151323286,FR,LU
Impulse Fitness Fran,FRED'S KITCHEN FRANC,0.8645142217353989,FR,FR
Impulse Fitness Fran,Miss Small Beauty Fr,0.8488333093098401,FR,FR
Impulse Fitness Fran,Vegan Fighter France,0.8145419707406906,FR,FR
Impulse Fitness Fran,Magyar Zene Nyaralój,0.8237989178225632,FR,HU
Impulse Fitness Fran,91. perc podcast,0.7959616367337488,FR,HU
Impulse Fitness Fran,Chaos Boys Hungary -,0.8084207414910011,FR,HU
Impulse Fitness Fran,Rugby Club Luxembour,0.8970275633196044,FR,LU
Impulse Fitness Fran,Chill mam Will,0.9189026854588344,FR,LU
Impulse Fitness Fran,Powerlifting & Weigh,0.8012347559197736,FR,LU
Musique France,Ricch Rock France,0.8750840820942767,FR,FR
France Musique conce,SleepingBeauty,0.8516298477728678,FR,FR
France Musique conce,Jaime French,0.7636266243986238,FR,FR
France Musique conce,Indian Mom in Europe,0.8215717368893454,FR,LU
France Musique conce,Baloo Live,0.8844146171335083,FR,FR
Ricch Rock France,FlashGraphics Luxemb,0.7641539208486154,FR,LU
Juste pour rire Fran,Lékué France,0.8121355719523072,FR,FR
Juste pour rire Fran,Utazás BUSINESS CLAS,0.8024877901548403,FR,HU
Juste pour rire Fran,MKUK - Magyar Kanizs,0.8675479183589002,FR,HU
Juste pour rire Fran,Luxembourg for Touri,0.8782386602251314,FR,LU
Juste pour rire Fran,PwC Luxembourg,0.7828468378780885,FR,LU
Thérèse [musique & p,VoilaChef France,0.8208001229313653,FR,FR
Thérèse [musique & p,Lékué France,0.8137155151838708,FR,FR
Thérèse [musique & p,Crêpes De France,0.7650206991073025,FR,FR
Thérèse [musique & p,Belső utazás (The Jo,0.909735731723878,FR,HU
Thérèse [musique & p, Poroszka Magyar Zso,0.8114073381577892,FR,HU
Thérèse [musique & p,MKUK - Magyar Kanizs,0.7580779754503629,FR,HU
Thérèse [musique & p,Der Legionär Magyar,0.898657399442163,FR,HU
Thérèse [musique & p,YONZAN VLOG,0.865768047869753,FR,LU
Thérèse [musique & p,PwC Luxembourg,0.8741709174624713,FR,LU
Thérèse [musique & p,Parkinson: Recherche,0.8444987406653066,FR,LU
Thérèse [musique & p,Christian Lavey - Ma,0.9546590922460201,FR,LU
Daily French Voyage,Tamanna’s Kitchen & ,0.7933414535577185,FR,FR
Voyage Voyages,France・Table & Voyag,0.8193536737006517,FR,FR
Voyage Voyages,Thisu Beauty,0.7942597865335107,FR,FR
Voyage Voyages,SRAM,0.7769428003375077,FR,HU
Voyage Voyages,Best Of Fortnite Fra,0.7892520901596366,FR,FR
France・Table & Voyag,Thisu Beauty,0.7914947667511221,FR,FR
France・Table & Voyag,Best Of Fortnite Fra,0.9218928073774616,FR,FR
VoilaChef France,Belső utazás (The Jo,0.8849096114220769,FR,HU
VoilaChef France,Der Legionär Magyar,0.8026933320444082,FR,HU
VoilaChef France,YONZAN VLOG,0.8257349982575293,FR,LU
VoilaChef France,PwC Luxembourg,0.767408536269352,FR,LU
VoilaChef France,Christian Lavey - Ma,0.8536254229011269,FR,LU
FRED'S KITCHEN FRANC,Jahanara lifestyle f,0.8007173377418209,FR,FR
FRED'S KITCHEN FRANC,Vegan Fighter France,0.759338879497625,FR,FR
FRED'S KITCHEN FRANC,Magyar Zene Nyaralój,0.838610454238942,FR,HU
FRED'S KITCHEN FRANC,Chaos Boys Hungary -,0.9089285374572196,FR,HU
FRED'S KITCHEN FRANC,Rugby Club Luxembour,0.7918203741060705,FR,LU
FRED'S KITCHEN FRANC,Chill mam Will,0.8595027845071551,FR,LU
パリ Franceのマルシェから,Onacook France,0.8720203849489445,FR,FR
パリ Franceのマルシェから,Crêpes De France,0.7671241304816753,FR,FR
パリ Franceのマルシェから,Sheikh sathi lifesty,0.7608610932383862,FR,FR
パリ Franceのマルシェから,French Lifestyle,0.8553637329492856,FR,FR
パリ Franceのマルシェから,Gay in Rural France ,0.7892317572458161,FR,FR
パリ Franceのマルシェから,Magyar E-sport Szöve,0.7973202503092088,FR,HU
パリ Franceのマルシェから,Magyar Funkcionális ,0.9266834118397923,FR,HU
パリ Franceのマルシェから,12 Tone Music,0.8915427657080014,FR,HU
パリ Franceのマルシェから,Anibarátok Podcast,0.8659222600646719,FR,HU
パリ Franceのマルシェから,HUSZONEGY Bitcoin po,0.8231908448265504,FR,HU
パリ Franceのマルシェから,Choeur de Chambre de,0.8155002257399611,FR,LU
パリ Franceのマルシェから,Auchan Luxembourg,0.7947755769386589,FR,LU
パリ Franceのマルシェから,Vaibhav KKM,0.8163527952380185,FR,LU
パリ Franceのマルシェから,CMCM Luxembourg,0.7812999370440098,FR,LU
パリ Franceのマルシェから,Luxembourg Institute,0.7564079619128425,FR,LU
パリ Franceのマルシェから,Le Recap Twitch,0.9039877967132904,FR,FR
Onacook France,French Lifestyle,0.7662918127749042,FR,FR
Onacook France,Magyar E-sport Szöve,0.8237167573734995,FR,HU
Onacook France,Magyar Funkcionális ,0.8823668425190492,FR,HU
Onacook France,12 Tone Music,0.9292100519237917,FR,HU
Onacook France,Anibarátok Podcast,0.768665250778835,FR,HU
Onacook France,Choeur de Chambre de,0.7969926684054274,FR,LU
Onacook France,Auchan Luxembourg,0.891301578314589,FR,LU
Onacook France,CMCM Luxembourg,0.85078522031058,FR,LU
Onacook France,Luxembourg Institute,0.8485076352042635,FR,LU
Onacook France,Le Recap Twitch,0.8486719687528473,FR,FR
Onacook France, Magyar Gamer CJ,0.8117458741607004,FR,HU
Kumiko Recette,Ala Luxembourg Lo | ,0.8035963785063616,FR,LU
Lékué France,Crêpes De France,0.7902424391892068,FR,FR
Lékué France, Poroszka Magyar Zso,0.9017430806288399,FR,HU
Lékué France,MKUK - Magyar Kanizs,0.8076284745884421,FR,HU
Lékué France,Der Legionär Magyar,0.818385834337777,FR,HU
Lékué France,PwC Luxembourg,0.8505782050836669,FR,LU
Lékué France,Parkinson: Recherche,0.7856054188390913,FR,LU
Lékué France,Christian Lavey - Ma,0.7838698489592447,FR,LU
MAGGI France,Nemzeti Filmintézet,0.7613362203989863,FR,HU
MAGGI France,Rubicon Történelem,0.7808637755833109,FR,HU
Crêpes De France,Sheikh sathi lifesty,0.7899813856188009,FR,FR
Crêpes De France,French Lifestyle,0.8521170672681923,FR,FR
Crêpes De France,Anibarátok Podcast,0.80565370438176,FR,HU
Crêpes De France, Poroszka Magyar Zso,0.8646026565739442,FR,HU
Crêpes De France,From Luxembourg with,0.7999474955222312,FR,LU
Crêpes De France,Vaibhav KKM,0.8500943430061937,FR,LU
Crêpes De France,YONZAN VLOG,0.7665276549043769,FR,LU
Crêpes De France,Parkinson: Recherche,0.8620438641161194,FR,LU
oklm beauty France ,Onorina Jomir Beauty,0.8486004996651118,FR,FR
oklm beauty France ,Magyar Lelátó,0.7966009127274919,FR,HU
oklm beauty France ,ablan star bebegim,0.7739040529345397,FR,HU
oklm beauty France ,"Izraelben utazás, cs",0.8485732420206868,FR,HU
oklm beauty France ,Hungarian Mirror,0.7671529325316436,FR,HU
oklm beauty France ,Travel Nature & Spor,0.9110145555919636,FR,LU
oklm beauty France ,Luxembourg Sports Ne,0.8722116897469636,FR,LU
oklm beauty France ,Luxembourg Expo Pavi,0.825510319543799,FR,LU
oklm beauty France ,Meghna Luxembourg Vl,0.8005787780683069,FR,LU
oklm beauty France ,Powerlifting & Weigh,0.7829054296248942,FR,LU
oklm beauty France ,Healthcareers Luxemb,0.8831644065001302,FR,LU
oklm beauty France ,Ultima Gaming France,0.9455253304385782,FR,FR
oklm beauty France ,luxembourg ball gami,0.8087380395313742,FR,LU
Shark Beauty France,Magyar Humor,0.8786285739645149,FR,HU
Miss Small Beauty Fr,Vegan Fighter France,0.7736952831878007,FR,FR
Miss Small Beauty Fr,ablan star bebegim,0.7765751487475425,FR,HU
Miss Small Beauty Fr,Magyar Zene Nyaralój,0.7703063345704009,FR,HU
Miss Small Beauty Fr,"Izraelben utazás, cs",0.8652152145412575,FR,HU
Miss Small Beauty Fr,91. perc podcast,0.8056497357116952,FR,HU
Miss Small Beauty Fr,Hungarian Mirror,0.7770896690545739,FR,HU
Miss Small Beauty Fr,Luxembourg Sports Ne,0.7883902688384,FR,LU
Miss Small Beauty Fr,Rugby Club Luxembour,0.9376662124062698,FR,LU
Miss Small Beauty Fr,Luxembourg Expo Pavi,0.8623584246275222,FR,LU
Miss Small Beauty Fr,Chill mam Will,0.8435693374376113,FR,LU
Miss Small Beauty Fr,Anna Luxembourg,0.7831874363208234,FR,LU
Miss Small Beauty Fr,Powerlifting & Weigh,0.8887487726061278,FR,LU
Miss Small Beauty Fr,Ultima Gaming France,0.7836159234154725,FR,FR
Miss Small Beauty Fr,luxembourg ball gami,0.8233918413955158,FR,LU
Lr health and Beauty,French Quarter Podca,0.9313420121052138,FR,FR
Lr health and Beauty,Healthcare Week Luxe,0.8034886501397647,FR,LU
M•A•C Cosmetics Fran,Wasi Gaming,0.759507353789262,FR,FR
M•A•C Cosmetics Fran,The Escape Plans,0.8652369266727656,FR,LU
M•A•C Cosmetics Fran,CHL Luxembourg,0.7575301990556035,FR,LU
M•A•C Cosmetics Fran,Poneeey Live (Gaming,0.7693201386417059,FR,FR
Onorina Jomir Beauty,Magyar Lelátó,0.9124787098008871,FR,HU
Onorina Jomir Beauty,"Izraelben utazás, cs",0.8013451053033266,FR,HU
Onorina Jomir Beauty,Trove Film Collectiv,0.8214895922063014,FR,HU
Onorina Jomir Beauty,Hungarian Mirror,0.8378245685144005,FR,HU
Onorina Jomir Beauty,Travel Nature & Spor,0.7871212089633058,FR,LU
Onorina Jomir Beauty,Luxembourg Sports Ne,0.8993500139640764,FR,LU
Onorina Jomir Beauty,Powerlifting & Weigh,0.7868709877220704,FR,LU
Onorina Jomir Beauty,CMCM Luxembourg,0.7710364939231878,FR,LU
Onorina Jomir Beauty,Healthcareers Luxemb,0.763053904333566,FR,LU
Onorina Jomir Beauty,Ultima Gaming France,0.8412853003453198,FR,FR
Onorina Jomir Beauty, Magyar Gamer CJ,0.8029319092967647,FR,HU
PassioneBeauty Franc,LR Health & Beauty F,0.8042545588628194,FR,FR
PassioneBeauty Franc,Lisa,0.9340889911401256,FR,LU
PassioneBeauty Franc,The Escape Plans,0.7970214697696144,FR,LU
LR Health & Beauty F,Lisa,0.8142950813657014,FR,LU
French For A Day,Magyar Közöny Podcas,0.837595954910299,FR,HU
French For A Day,Nemzeti Filmintézet,0.7731351709824974,FR,HU
SleepingBeauty,SRAM,0.7793306207219315,FR,HU
SleepingBeauty,Baloo Live,0.8432438666246629,FR,FR
Jaime French,Baloo Live,0.8382880950550902,FR,FR
DEFI - La Mode de Fr,Vegan Fighter France,0.8138177586485388,FR,FR
DEFI - La Mode de Fr,91. perc podcast,0.803725427265411,FR,HU
DEFI - La Mode de Fr,Lux Podcast,0.761727791365839,FR,LU
DEFI - La Mode de Fr,FJU Luxembourg,0.8609846018738474,FR,LU
DEFI - La Mode de Fr,Anna Luxembourg,0.769858729854373,FR,LU
DEFI - La Mode de Fr,The Little Gym Luxem,0.9051289900375371,FR,LU
Sheikh sathi lifesty,French Lifestyle,0.8534134413505691,FR,FR
Sheikh sathi lifesty,Tamanna’s Kitchen & ,0.8370794732807992,FR,FR
Sheikh sathi lifesty,Gay in Rural France ,0.7974569624795735,FR,FR
Sheikh sathi lifesty,Anibarátok Podcast,0.8623817248301849,FR,HU
Sheikh sathi lifesty,HUSZONEGY Bitcoin po,0.8576494593790132,FR,HU
Sheikh sathi lifesty,From Luxembourg with,0.9156794762228808,FR,LU
Sheikh sathi lifesty,Vaibhav KKM,0.8964933966106027,FR,LU
Sheikh sathi lifesty,Parkinson: Recherche,0.7959857782718248,FR,LU
Bangali meye in Fren,Froothie Luxembourg,0.7577155278032296,FR,LU
French Lifestyle,Tamanna’s Kitchen & ,0.760683481040113,FR,FR
French Lifestyle,Gay in Rural France ,0.7850580018309131,FR,FR
French Lifestyle,Magyar Funkcionális ,0.8073433129227654,FR,HU
French Lifestyle,12 Tone Music,0.7747631911942333,FR,HU
French Lifestyle,Anibarátok Podcast,0.935799622920925,FR,HU
French Lifestyle,HUSZONEGY Bitcoin po,0.8511955457335197,FR,HU
French Lifestyle,From Luxembourg with,0.8190218846375592,FR,LU
French Lifestyle,Vaibhav KKM,0.9425686451415419,FR,LU
French Lifestyle,Parkinson: Recherche,0.7871093640390258,FR,LU
French Lifestyle,Le Recap Twitch,0.8047604172279289,FR,FR
Tamanna’s Kitchen & ,Gay in Rural France ,0.8575239997394882,FR,FR
Tamanna’s Kitchen & ,Anibarátok Podcast,0.7926465155411541,FR,HU
Tamanna’s Kitchen & ,HUSZONEGY Bitcoin po,0.8539897646460188,FR,HU
Tamanna’s Kitchen & ,From Luxembourg with,0.7905309788708521,FR,LU
Tamanna’s Kitchen & ,Vaibhav KKM,0.7809438525905841,FR,LU
Jahanara lifestyle f,Magyar Zene Nyaralój,0.8580506166484595,FR,HU
Jahanara lifestyle f,"Trader Rock - Forex,",0.9070457186006309,FR,HU
Jahanara lifestyle f,Chaos Boys Hungary -,0.8651934328803355,FR,HU
Jahanara lifestyle f,Choeur de Chambre de,0.759072071201825,FR,LU
Jahanara lifestyle f,Chill mam Will,0.7786288208600807,FR,LU
French Quarter Podca,Healthcare Week Luxe,0.7606124544170022,FR,LU
Vegan Fighter France,91. perc podcast,0.8961678399700539,FR,HU
Vegan Fighter France,Rugby Club Luxembour,0.7864972263585681,FR,LU
Vegan Fighter France,Chill mam Will,0.7602678882768947,FR,LU
Vegan Fighter France,Lux Podcast,0.8162655453117502,FR,LU
Vegan Fighter France,Anna Luxembourg,0.7967237742691711,FR,LU
Vegan Fighter France,The Little Gym Luxem,0.7818212731496449,FR,LU
Gay in Rural France ,Magyar Funkcionális ,0.7976727906531349,FR,HU
Gay in Rural France ,12 Tone Music,0.7572462152922957,FR,HU
Gay in Rural France ,Anibarátok Podcast,0.829628432850096,FR,HU
Gay in Rural France ,"Trader Rock - Forex,",0.8135219563115684,FR,HU
Gay in Rural France ,HUSZONEGY Bitcoin po,0.9064621460678002,FR,HU
Gay in Rural France ,Choeur de Chambre de,0.8178934502790038,FR,LU
Gay in Rural France ,Vaibhav KKM,0.7854398697341252,FR,LU
Gay in Rural France ,Le Recap Twitch,0.8255446360149185,FR,FR
Wasi Gaming,CHL Luxembourg,0.8055538387921626,FR,LU
Wasi Gaming,Poneeey Live (Gaming,0.7807029843801443,FR,FR
Magyar Lelátó,Magyar Humor,0.7928914197083725,HU,HU
Magyar Lelátó,Trove Film Collectiv,0.7992590540959941,HU,HU
Magyar Lelátó,Hungarian Mirror,0.8000661017329285,HU,HU
Magyar Lelátó,Luxembourg Sports Ne,0.8285907928574164,HU,LU
Magyar Lelátó,Auchan Luxembourg,0.7742547504367789,HU,LU
Magyar Lelátó,CMCM Luxembourg,0.7931375587981757,HU,LU
Magyar Lelátó,Ultima Gaming France,0.7828685603440783,HU,FR
Magyar Lelátó, Magyar Gamer CJ,0.8462722944094914,HU,HU
Magyar E-sport Szöve,Magyar Funkcionális ,0.8503532033342286,HU,HU
Magyar E-sport Szöve,12 Tone Music,0.8662148108754812,HU,HU
Magyar E-sport Szöve,"Trader Rock - Forex,",0.7584706514557105,HU,HU
Magyar E-sport Szöve,Trove Film Collectiv,0.8543206273650197,HU,HU
Magyar E-sport Szöve,Hungarian Mirror,0.8116321659354669,HU,HU
Magyar E-sport Szöve,Choeur de Chambre de,0.8995813947828746,HU,LU
Magyar E-sport Szöve,Auchan Luxembourg,0.8427604491420737,HU,LU
Magyar E-sport Szöve,CMCM Luxembourg,0.89582293202235,HU,LU
Magyar E-sport Szöve,Luxembourg Institute,0.7619365533366749,HU,LU
Magyar E-sport Szöve,Le Recap Twitch,0.8532525850833178,HU,FR
Magyar E-sport Szöve, Magyar Gamer CJ,0.8207585526109616,HU,HU
Magyar Funkcionális ,12 Tone Music,0.9342261103140096,HU,HU
Magyar Funkcionális ,Anibarátok Podcast,0.828053010256362,HU,HU
Magyar Funkcionális ,HUSZONEGY Bitcoin po,0.8110843995534598,HU,HU
Magyar Funkcionális ,Choeur de Chambre de,0.8669087517612799,HU,LU
Magyar Funkcionális ,Auchan Luxembourg,0.8224701518203953,HU,LU
Magyar Funkcionális ,Vaibhav KKM,0.7757785290726757,HU,LU
Magyar Funkcionális ,CMCM Luxembourg,0.8219305531149302,HU,LU
Magyar Funkcionális ,Luxembourg Institute,0.7655404627234783,HU,LU
Magyar Funkcionális ,Le Recap Twitch,0.9556132724073677,HU,FR
Magyar Funkcionális , Magyar Gamer CJ,0.7632033161538644,HU,HU
12 Tone Music,Anibarátok Podcast,0.7874209344537785,HU,HU
12 Tone Music,HUSZONEGY Bitcoin po,0.7674331301489541,HU,HU
12 Tone Music,Trove Film Collectiv,0.7600421904118246,HU,HU
12 Tone Music,Choeur de Chambre de,0.8479519860297077,HU,LU
12 Tone Music,Auchan Luxembourg,0.8725947597499641,HU,LU
12 Tone Music,CMCM Luxembourg,0.8632912303303769,HU,LU
12 Tone Music,Luxembourg Institute,0.8067450285302871,HU,LU
12 Tone Music,Le Recap Twitch,0.9012937050397344,HU,FR
12 Tone Music, Magyar Gamer CJ,0.8036616829113566,HU,HU
ablan star bebegim,Magyar Zene,0.8009736419824182,HU,HU
ablan star bebegim,"Izraelben utazás, cs",0.803827032163861,HU,HU
ablan star bebegim,91. perc podcast,0.767863228410398,HU,HU
ablan star bebegim,Travel Nature & Spor,0.7955145086386561,HU,LU
ablan star bebegim,Luxembourg Expo Pavi,0.8627405786805002,HU,LU
ablan star bebegim,Meghna Luxembourg Vl,0.8104646121513652,HU,LU
ablan star bebegim,Anna Luxembourg,0.8428232365947954,HU,LU
ablan star bebegim,Healthcareers Luxemb,0.827948018751124,HU,LU
ablan star bebegim,Ultima Gaming France,0.7925173030266873,HU,FR
ablan star bebegim,Magyar gamer,0.8014361490887592,HU,HU
ablan star bebegim,luxembourg ball gami,0.9204039151433938,HU,LU
Magyar Zene Nyaralój,"Trader Rock - Forex,",0.8236831163846073,HU,HU
Magyar Zene Nyaralój,Chaos Boys Hungary -,0.8589301606119694,HU,HU
Magyar Zene Nyaralój,Trove Film Collectiv,0.7728753009643203,HU,HU
Magyar Zene Nyaralój,Hungarian Mirror,0.7772728403693594,HU,HU
Magyar Zene Nyaralój,Rugby Club Luxembour,0.8040883420447538,HU,LU
Magyar Zene Nyaralój,Chill mam Will,0.8827713998785697,HU,LU
Magyar Zene Nyaralój,Powerlifting & Weigh,0.7894667272887371,HU,LU
Magyar Zene,Magyar Krónikák,0.831642017411329,HU,HU
Magyar Zene,FlashGraphics Luxemb,0.8034558471840606,HU,LU
Magyar Zene,Meghna Luxembourg Vl,0.7836858615836806,HU,LU
Magyar Zene,Magyar gamer,0.9312166109824438,HU,HU
Magyar Humor,Luxembourg Institute,0.7877429310101612,HU,LU
Magyar Humor, Magyar Gamer CJ,0.7852141981007149,HU,HU
"Izraelben utazás, cs",Trove Film Collectiv,0.7704046538739856,HU,HU
"Izraelben utazás, cs",Hungarian Mirror,0.8089138108050231,HU,HU
"Izraelben utazás, cs",Travel Nature & Spor,0.807781264015024,HU,LU
"Izraelben utazás, cs",Luxembourg Sports Ne,0.8782667559628161,HU,LU
"Izraelben utazás, cs",Rugby Club Luxembour,0.8239681881541746,HU,LU
"Izraelben utazás, cs",Luxembourg Expo Pavi,0.9186550903248033,HU,LU
"Izraelben utazás, cs",Chill mam Will,0.7628709284250964,HU,LU
"Izraelben utazás, cs",Powerlifting & Weigh,0.8901629051895741,HU,LU
"Izraelben utazás, cs",Healthcareers Luxemb,0.811166763689103,HU,LU
"Izraelben utazás, cs",Ultima Gaming France,0.8918820130311426,HU,FR
"Izraelben utazás, cs",luxembourg ball gami,0.8634088881436226,HU,LU
Utazás BUSINESS CLAS,MKUK - Magyar Kanizs,0.8964383404076453,HU,HU
Utazás BUSINESS CLAS,Der Legionär Magyar,0.7884584587799633,HU,HU
Utazás BUSINESS CLAS,Luxembourg for Touri,0.7769528285224844,HU,LU
Utazás BUSINESS CLAS,PwC Luxembourg,0.8045738540150078,HU,LU
Utazás BUSINESS CLAS,Poneeey Live (Gaming,0.7913213995264549,HU,FR
Belső utazás (The Jo, Poroszka Magyar Zso,0.756350078792643,HU,HU
Belső utazás (The Jo,Der Legionär Magyar,0.851539861391108,HU,HU
Belső utazás (The Jo,YONZAN VLOG,0.8995258133828765,HU,LU
Belső utazás (The Jo,PwC Luxembourg,0.8175369517572496,HU,LU
Belső utazás (The Jo,Parkinson: Recherche,0.8214655628227603,HU,LU
Belső utazás (The Jo,Christian Lavey - Ma,0.9489951584414418,HU,LU
Anibarátok Podcast,HUSZONEGY Bitcoin po,0.9023027679935756,HU,HU
Anibarátok Podcast,Choeur de Chambre de,0.7684901317861578,HU,LU
Anibarátok Podcast,From Luxembourg with,0.8111510993256951,HU,LU
Anibarátok Podcast,Vaibhav KKM,0.9184262958993875,HU,LU
Anibarátok Podcast,Le Recap Twitch,0.8336449849959698,HU,FR
91. perc podcast,Rugby Club Luxembour,0.8014531237662367,HU,LU
91. perc podcast,Luxembourg Expo Pavi,0.7695026987887206,HU,LU
91. perc podcast,Anna Luxembourg,0.8764241772580552,HU,LU
91. perc podcast,The Little Gym Luxem,0.8014992943214407,HU,LU
91. perc podcast,luxembourg ball gami,0.7735443868048574,HU,LU
"Trader Rock - Forex,",Chaos Boys Hungary -,0.7960719966639439,HU,HU
"Trader Rock - Forex,",Choeur de Chambre de,0.8131786060203926,HU,LU
"Trader Rock - Forex,",Le Recap Twitch,0.7572907624552647,HU,FR
Chaos Boys Hungary -,Chill mam Will,0.8278256666576157,HU,LU
HUSZONEGY Bitcoin po,Choeur de Chambre de,0.7896466425514393,HU,LU
HUSZONEGY Bitcoin po,From Luxembourg with,0.7952054506775629,HU,LU
HUSZONEGY Bitcoin po,Vaibhav KKM,0.8547101120428684,HU,LU
HUSZONEGY Bitcoin po,Le Recap Twitch,0.8310006036252612,HU,FR
Magyar Közöny Podcas,Nemzeti Filmintézet,0.8569123315259398,HU,HU
Magyar Közöny Podcas,Rubicon Történelem,0.7604642072675262,HU,HU
Magyar Közöny Podcas,Magyar LoLTV,0.8496785066894411,HU,HU
Trove Film Collectiv,Hungarian Mirror,0.9415494303141319,HU,HU
Trove Film Collectiv,Luxembourg Sports Ne,0.8274991404010289,HU,LU
Trove Film Collectiv,Choeur de Chambre de,0.799341534568472,HU,LU
Trove Film Collectiv,Auchan Luxembourg,0.781450144637402,HU,LU
Trove Film Collectiv,Powerlifting & Weigh,0.819067036512185,HU,LU
Trove Film Collectiv,CMCM Luxembourg,0.8377855143743351,HU,LU
Trove Film Collectiv, Magyar Gamer CJ,0.8104021933045171,HU,HU
SRAM,Amélia jól szórakozi,0.8199016281176891,HU,HU
SRAM,BEYBLADE Français - ,0.8468631751791231,HU,FR
Amélia jól szórakozi,Feriha - Magyar Szin,0.7876986671993144,HU,HU
Amélia jól szórakozi,BEYBLADE Français - ,0.8232246349504861,HU,FR
 Poroszka Magyar Zso,Der Legionär Magyar,0.7847599186985986,HU,HU
 Poroszka Magyar Zso,YONZAN VLOG,0.7637943907893974,HU,LU
 Poroszka Magyar Zso,PwC Luxembourg,0.8031538588906155,HU,LU
 Poroszka Magyar Zso,Parkinson: Recherche,0.8360885982625362,HU,LU
 Poroszka Magyar Zso,Christian Lavey - Ma,0.78247174690501,HU,LU
Feriha - Magyar Szin,Best Of Fortnite Fra,0.8022093657799082,HU,FR
Monster High Magyaro,Rubicon Történelem,0.9105980127263431,HU,HU
Monster High Magyaro,CHL Luxembourg,0.9036845051708573,HU,LU
Monster High Magyaro,Magyar LoLTV,0.8608639836939107,HU,HU
Nemzeti Filmintézet,Magyar LoLTV,0.7687092356457409,HU,HU
Rubicon Történelem,CHL Luxembourg,0.8626596698612423,HU,LU
Rubicon Történelem,Magyar LoLTV,0.8610275741601302,HU,HU
Magyar Krónikák,Anna Luxembourg,0.7644220999225166,HU,LU
Magyar Krónikák,The Little Gym Luxem,0.7631533181043877,HU,LU
Magyar Krónikák,MediNation Luxembour,0.7765581791131727,HU,LU
Magyar Krónikák,Magyar gamer,0.7837475973740129,HU,HU
MKUK - Magyar Kanizs,Der Legionär Magyar,0.8188424412010855,HU,HU
MKUK - Magyar Kanizs,Luxembourg for Touri,0.8053647702916533,HU,LU
MKUK - Magyar Kanizs,PwC Luxembourg,0.8503824243803141,HU,LU
Hungarian Mirror,Luxembourg Sports Ne,0.8640421821502421,HU,LU
Hungarian Mirror,Rugby Club Luxembour,0.7727637943479,HU,LU
Hungarian Mirror,Choeur de Chambre de,0.7655204686386727,HU,LU
Hungarian Mirror,Chill mam Will,0.7687200830906664,HU,LU
Hungarian Mirror,Powerlifting & Weigh,0.8602569694945185,HU,LU
Hungarian Mirror,CMCM Luxembourg,0.7998969849101344,HU,LU
Hungarian Mirror,Ultima Gaming France,0.7849085083921287,HU,FR
Hungarian Mirror, Magyar Gamer CJ,0.7845059492876395,HU,HU
Der Legionär Magyar,YONZAN VLOG,0.7922275601103417,HU,LU
Der Legionär Magyar,PwC Luxembourg,0.945418756631179,HU,LU
Der Legionär Magyar,Parkinson: Recherche,0.7753532436167292,HU,LU
Der Legionär Magyar,Christian Lavey - Ma,0.8860915962543936,HU,LU
Travel Nature & Spor,Luxembourg Sports Ne,0.8050140625870416,LU,LU
Travel Nature & Spor,Luxembourg Expo Pavi,0.8095784413660935,LU,LU
Travel Nature & Spor,Meghna Luxembourg Vl,0.8669328343394408,LU,LU
Travel Nature & Spor,Healthcareers Luxemb,0.9496734163346602,LU,LU
Travel Nature & Spor,Ultima Gaming France,0.8839143272211148,LU,FR
Travel Nature & Spor,luxembourg ball gami,0.8131666241739719,LU,LU
Luxembourg Sports Ne,Rugby Club Luxembour,0.7639663540601186,LU,LU
Luxembourg Sports Ne,Luxembourg Expo Pavi,0.819080844997678,LU,LU
Luxembourg Sports Ne,Powerlifting & Weigh,0.8557689390836637,LU,LU
Luxembourg Sports Ne,Healthcareers Luxemb,0.7898559467127222,LU,LU
Luxembourg Sports Ne,Ultima Gaming France,0.8924957629419605,LU,FR
Luxembourg Sports Ne,luxembourg ball gami,0.7807033970142909,LU,LU
Rugby Club Luxembour,Luxembourg Expo Pavi,0.8156601045444701,LU,LU
Rugby Club Luxembour,Chill mam Will,0.8913053843906299,LU,LU
Rugby Club Luxembour,Anna Luxembourg,0.7610704514899694,LU,LU
Rugby Club Luxembour,Powerlifting & Weigh,0.8724727885875188,LU,LU
Rugby Club Luxembour,luxembourg ball gami,0.781425462987246,LU,LU
Choeur de Chambre de,Auchan Luxembourg,0.7847219165390971,LU,LU
Choeur de Chambre de,CMCM Luxembourg,0.8186834728245569,LU,LU
Choeur de Chambre de,Le Recap Twitch,0.8922508316790486,LU,FR
FlashGraphics Luxemb,Magyar gamer,0.8253288518040656,LU,HU
Inspirations Luxembo,Froothie Luxembourg,0.7736300817065668,LU,LU
Inspirations Luxembo,Positive Psy Luxembo,0.7694484394801315,LU,LU
From Luxembourg with,Vaibhav KKM,0.8618024368608338,LU,LU
From Luxembourg with,YONZAN VLOG,0.8117214361801481,LU,LU
From Luxembourg with,Parkinson: Recherche,0.8418515756767547,LU,LU
Ala Luxembourg Lo | ,The Escape Plans,0.7735195290881041,LU,LU
Luxembourg Expo Pavi,Meghna Luxembourg Vl,0.7666282457892253,LU,LU
Luxembourg Expo Pavi,Anna Luxembourg,0.7989756298314774,LU,LU
Luxembourg Expo Pavi,Powerlifting & Weigh,0.8396852435071617,LU,LU
Luxembourg Expo Pavi,Healthcareers Luxemb,0.8259682670899026,LU,LU
Luxembourg Expo Pavi,Ultima Gaming France,0.8626167542306103,LU,FR
Luxembourg Expo Pavi,luxembourg ball gami,0.9322261677578085,LU,LU
Auchan Luxembourg,CMCM Luxembourg,0.9193991717123875,LU,LU
Auchan Luxembourg,Luxembourg Institute,0.8870749411188654,LU,LU
Auchan Luxembourg,Le Recap Twitch,0.8001365266409363,LU,FR
Auchan Luxembourg, Magyar Gamer CJ,0.9008216479924587,LU,HU
Lisa,The Escape Plans,0.8048818987048478,LU,LU
Indian Mom in Europe,BEYBLADE Français - ,0.7730814967349338,LU,FR
Vaibhav KKM,Parkinson: Recherche,0.8100522378303404,LU,LU
Vaibhav KKM,Le Recap Twitch,0.7774827896871039,LU,FR
Meghna Luxembourg Vl,Healthcareers Luxemb,0.8912746400522767,LU,LU
Meghna Luxembourg Vl,Ultima Gaming France,0.7882446056525186,LU,FR
Meghna Luxembourg Vl,Magyar gamer,0.823832212476788,LU,HU
Meghna Luxembourg Vl,luxembourg ball gami,0.7932973583680062,LU,LU
YONZAN VLOG,PwC Luxembourg,0.7699364815746585,LU,LU
YONZAN VLOG,Parkinson: Recherche,0.8736595627102229,LU,LU
YONZAN VLOG,Christian Lavey - Ma,0.8802359265716869,LU,LU
Chill mam Will,Powerlifting & Weigh,0.8292273666755324,LU,LU
FJU Luxembourg,The Little Gym Luxem,0.829417309282685,LU,LU
PwC Luxembourg,Parkinson: Recherche,0.7691322263452182,LU,LU
PwC Luxembourg,Christian Lavey - Ma,0.8526515178636878,LU,LU
Anna Luxembourg,The Little Gym Luxem,0.8012259311465357,LU,LU
Anna Luxembourg,luxembourg ball gami,0.8250573684098719,LU,LU
Powerlifting & Weigh,Ultima Gaming France,0.8159980513851774,LU,FR
Powerlifting & Weigh,luxembourg ball gami,0.7917223382578856,LU,LU
CMCM Luxembourg,Luxembourg Institute,0.8264141406686074,LU,LU
CMCM Luxembourg,Le Recap Twitch,0.8087716634737928,LU,FR
CMCM Luxembourg, Magyar Gamer CJ,0.9041005272809168,LU,HU
Parkinson: Recherche,Christian Lavey - Ma,0.8308200401939513,LU,LU
CHL Luxembourg,Magyar LoLTV,0.7887244698680118,LU,HU
MediNation Luxembour,Healthcare Week Luxe,0.7915215444587717,LU,LU
Healthcareers Luxemb,Ultima Gaming France,0.8720243831828067,LU,FR
Healthcareers Luxemb,Magyar gamer,0.7658498377607164,LU,HU
Healthcareers Luxemb,luxembourg ball gami,0.8394405186491913,LU,LU
Luxembourg Institute, Magyar Gamer CJ,0.8537304394998121,LU,HU
Ultima Gaming France,luxembourg ball gami,0.8367834130188067,FR,LU
